tweet id;username;text;text_no_sw
1,46691E+18;zehdeabreu;O @LulaOficial esta ao vivo no Instagram na exibição de Marighella.;['lulaoficial', 'vivo', 'instagram', 'exibição', 'marighella']
1,46689E+18;zehdeabreu;Respeite o falecido! MARIGHELLA! https://t.co/t0SQq09jIc;['respeite', 'falecido', 'marighella', '']
1,45029E+18;zehdeabreu;Mônica Bergamo: Filme 'Marighella' será exibido em assentamento do MST com Wagner Moura, Bruno Gagliasso e José de Abreu https://t.co/X94cr5jBPe;['mônica', 'bergamo', 'filme', 'marighella', 'exibido', 'assentamento', 'mst', 'wagner', 'moura', 'bruno', 'gagliasso', 'josé', 'abreu', '']
1,45025E+18;zehdeabreu;Mônica Bergamo: Filme 'Marighella' será exibido em assentamento do MST na Bahia Wagner Moura, Bruno Gagliasso, José de Abreu https://t.co/X94cr5jBPe;['mônica', 'bergamo', 'filme', 'marighella', 'exibido', 'assentamento', 'mst', 'bahia', 'wagner', 'moura', 'bruno', 'gagliasso', 'josé', 'abreu', '']
1,45019E+18;zehdeabreu;Bora? Eu vou. #marighella_ofilme https://t.co/ebo0V4OJfQ;['bora', 'vou', 'marighellaofilme', '']
1,26069E+18;zehdeabreu;Só faltava Seu Jorge continuar bolsonarista depois de fazer Marighella. Acordem, meninos e meninas.;['faltava', 'jorge', 'continuar', 'bolsonarista', 'fazer', 'marighella', 'acordem', 'meninos', 'meninas']
1,11026E+18;zehdeabreu;Fazer Marighella fez bem ao Seu Jorge. https://t.co/Q1JW7LIxmP;['fazer', 'marighella', 'fez', 'bem', 'jorge', '']
1,21718E+18;patriciapillar;"???? ""Marighella"" não é caso isolado, Cultura está sob censura, diz Wagner Moura - Leonardo Sakamoto - UOL https://t.co/GGfUslygQg";['', 'marighella', 'caso', 'isolado', 'cultura', 'sob', 'censura', 'diz', 'wagner', 'moura', 'leonardo', 'sakamoto', 'uol', '']
1,16404E+18;patriciapillar;"Estas são as primeiras imagens de ""Marighella"", filme em que Wagner Moura estreia na direção. O longa chega aos cinemas brasileiros em 20 de novembro, Dia da Consciência Negra, após colher elogios pelos festivais de… https://t.co/bA475Se7xl";['primeiras', 'imagens', 'marighella', 'filme', 'wagner', 'moura', 'estreia', 'direção', 'longa', 'chega', 'cinemas', 'brasileiros', '20', 'novembro', 'dia', 'consciência', 'negra', 'após', 'colher', 'elogios', 'festivais', '']
1,33564E+18;gduvivier;Viva a Alice Adnet! Que nasceu no dia do Disney, do Marighella e da Lina Bo Bardi. ?? https://t.co/kaVEVi3w3O;['viva', 'alice', 'adnet', 'nasceu', 'dia', 'disney', 'marighella', 'lina', 'bo', 'bardi', '']
1,17249E+18;leoni_a_jato;A censura econômica é uma forma menos óbvia de impor padrões ideológicos, mas não deixa de ser censura, é proibida pela Constituição e não tem nada que a justifique. https://t.co/cGjuhdG8q6;['censura', 'econômica', 'forma', 'menos', 'óbvia', 'impor', 'padrões', 'ideológicos', 'deixa', 'ser', 'censura', 'proibida', 'constituição', 'nada', 'justifique', '']
1,11288E+18;leoni_a_jato;@mauriciomusa @elpais_brasil O filme do Marighella não é publicidade oficial. Você ainda não entendeu a diferença? Mesmo? Não é tão difícil.;['mauriciomusa', 'elpaisbrasil', 'filme', 'marighella', 'publicidade', 'oficial', 'ainda', 'entendeu', 'diferença', 'tão', 'difícil']
1,09696E+18;marcelodedois;@karensam09 Depois de filmar e editar o filme vai pra corrigir a cor ... e fiz isso no mesmo lugar q estavam fazendo o Marighella e eu dei uma olhada numa cena ....;['karensam09', 'filmar', 'editar', 'filme', 'vai', 'pra', 'corrigir', 'cor', 'fiz', 'lugar', 'q', 'fazendo', 'marighella', 'dei', 'olhada', 'cena', '']
1,09695E+18;marcelodedois;Wagner Moura tirou onda em Berlin falando sobre a atual situação política social do Brasil .... falou bem, defendeu o filme e ainda gritou o nome de Marielle .... to louco pra ver o filme “Marighella” ... vi um pedaço quando fui colorir o meu filme e tava incrível;['wagner', 'moura', 'tirou', 'onda', 'berlin', 'falando', 'sobre', 'atual', 'situação', 'política', 'social', 'brasil', 'falou', 'bem', 'defendeu', 'filme', 'ainda', 'gritou', 'nome', 'marielle', 'to', 'louco', 'pra', 'ver', 'filme', 'marighella', 'vi', 'pedaço', 'colorir', 'filme', 'tava', 'incrível']
1,09244E+18;caetanoveloso;Vi entrevista de #WagnerMoura sobre o filme “Marighella”. Wagner é o estilo baiano com que me identifico. Texto completo no facebook: https://t.co/nZHJd2CngM | Assista ao vídeo completo no YouTube: https://t.co/uDMNnWxjCC https://t.co/ojhlcYViiV;['vi', 'entrevista', 'wagnermoura', 'sobre', 'filme', 'marighella', 'wagner', 'estilo', 'baiano', 'identifico', 'texto', 'completo', 'facebook', '']
1,49661E+18;cynaramenezes;"quero todas
https://t.co/LRJ82oxxhO";['quero', 'todas', '']
1,48957E+18;cynaramenezes;@felipeeec_ marighella está morto. saia do passado;['felipeeec', 'marighella', 'morto', 'saia', 'passado']
1,45309E+18;cynaramenezes;"""essa é minha terra, mas é sobretudo a terra de carlos marighella"", disse um emocionado wagner moura. “esse filme não é só sobre aqueles que resistiram na ditadura militar nos anos 60 e 70. esse filme é sobre aqueles que estão resistindo agora no brasil” https://t.co/ItPcztdMoP'";['terra', 'sobretudo', 'terra', 'carlos', 'marighella', 'disse', 'emocionado', 'wagner', 'moura', 'filme', 'sobre', 'resistiram', 'ditadura', 'militar', 'anos', '60', '70', 'filme', 'sobre', 'resistindo', 'agora', 'brasil', '']
1,45308E+18;cynaramenezes;"de volta pra casa: “esta é minha terra, mas é sobretudo a terra de carlos marighella.”
wagner moura estreia longa sobre o guerrilheiro em salvador e diz que é ""um filme sobre aqueles que resistem no brasil agora"".
por @manucaferreira, especial para o site
https://t.co/ItPcztdMoP";['volta', 'pra', 'casa', 'terra', 'sobretudo', 'terra', 'carlos', 'marighella', 'wagner', 'moura', 'estreia', 'longa', 'sobre', 'guerrilheiro', 'salvador', 'diz', 'filme', 'sobre', 'resistem', 'brasil', 'agora', 'manucaferreira', 'especial', 'site', '']
1,37738E+18;cynaramenezes;"sabem quem ajudou a disseminar mentiras, falsificações históricas sobre carlos marighella? bolsonaro? não. reinaldo azevedo
https://t.co/nXkTGE4u0x https://t.co/J63DrTMtgk";['sabem', 'ajudou', 'disseminar', 'mentiras', 'falsificações', 'históricas', 'sobre', 'carlos', 'marighella', 'bolsonaro', 'reinaldo', 'azevedo', '']
1,37738E+18;cynaramenezes;"carlinhos marighella: ""meu pai nunca atirou em alguém. na verdade, meu pai escreveu o mini-manual do guerrilheiro urbano, mas não tinha nenhuma experiência nem vocação ou admiração por atividades militares e castrenses"".
assistam!
https://t.co/Lbmkrfd4S7";['carlinhos', 'marighella', 'pai', 'nunca', 'atirou', 'alguém', 'verdade', 'pai', 'escreveu', 'minimanual', 'guerrilheiro', 'urbano', 'nenhuma', 'experiência', 'vocação', 'admiração', 'atividades', 'militares', 'castrenses', 'assistam', '']
1,37735E+18;cynaramenezes;"hoje vou entrevistar carlinhos marighella, filho do guerrilheiro, herói nacional, #CarlosMarighellaVive. 
antes, um bate-bola com @dridelorenzo e @renato_rovai. bora? a partir das 17h!
arte a partir de cartum do @crisvector ??
https://t.co/OaobGr6y89";['hoje', 'vou', 'entrevistar', 'carlinhos', 'marighella', 'filho', 'guerrilheiro', 'herói', 'nacional', 'carlosmarighellavive', 'antes', 'batebola', 'dridelorenzo', 'renatorovai', 'bora', 'partir', '17h', 'arte', 'partir', 'cartum', 'crisvector', '']
1,32887E+18;cynaramenezes;"minha conterrânea @mariamarighella (PT), atriz, ativista e, como o nome já diz, neta do guerrilheiro carlos marighella, foi eleita para a câmara de salvador. 
aqui, com carla charf, viúva de seu avô, cassado em 1948 do mandato de deputado federal que lhe foi concedido pelo povo https://t.co/cumHLPaba2";['conterrânea', 'mariamarighella', 'pt', 'atriz', 'ativista', 'nome', 'diz', 'neta', 'guerrilheiro', 'carlos', 'marighella', 'eleita', 'câmara', 'salvador', 'aqui', 'carla', 'charf', 'viúva', 'avô', 'cassado', '1948', 'mandato', 'deputado', 'federal', 'concedido', 'povo', '']
1,32736E+18;cynaramenezes;"entrando no ar o jornal da fórum com @mariomagalhaes_ sobre o filme marighella!
https://t.co/BwgpqU66fV";['entrando', 'ar', 'jornal', 'fórum', 'mariomagalhaes', 'sobre', 'filme', 'marighella', '']
1,32734E+18;cynaramenezes;hoje tem @mariomagalhaes_ falando da estreia de marighella, o filme. finalmente nos cinemas em abril! ? https://t.co/iEZ4rlf2hs;['hoje', 'mariomagalhaes', 'falando', 'estreia', 'marighella', 'filme', 'finalmente', 'cinemas', 'abril', '']
1,31934E+18;cynaramenezes;@FelipeGini4 @Medicina_CFM não sei a quem você se refere. getúlio era um personagem complexo, mas ditador sem sombra de dúvida, torturou marighella e mandou olga para os nazistas;['felipegini4', 'medicinacfm', 'sei', 'refere', 'getúlio', 'personagem', 'complexo', 'ditador', 'sombra', 'dúvida', 'torturou', 'marighella', 'mandou', 'olga', 'nazistas']
1,30409E+18;cynaramenezes;"muito bom o vídeo do peninha sobre carlos marighella
https://t.co/vi38wWDytK
cc @mariomagalhaes_";['bom', 'vídeo', 'peninha', 'sobre', 'carlos', 'marighella', '']
1,30192E+18;cynaramenezes;"carlos marighella foi perseguido a vida toda por ser comunista.
foi eleito deputado pelo PCB e o partido foi cassado.
proibiram o comunismo durante anos no brasil na ditadura militar.
adiantou o quê? marighella foi comunista até à morte. e o comunismo nunca deixou de existir";['carlos', 'marighella', 'perseguido', 'vida', 'toda', 'ser', 'comunista', 'eleito', 'deputado', 'pcb', 'partido', 'cassado', 'proibiram', 'comunismo', 'durante', 'anos', 'brasil', 'ditadura', 'militar', 'adiantou', 'quê', 'marighella', 'comunista', 'morte', 'comunismo', 'nunca', 'deixou', 'existir']
1,30162E+18;cynaramenezes;"hoje vamos ter @mariamarighella, neta de carlos marighella, e @anaprestes, neta de luiz carlos prestes, comentando as notícias comigo no jornal da fórum! duas legítimas representantes da nova geração de esquerda
https://t.co/goSfHIHhL0";['hoje', 'vamos', 'ter', 'mariamarighella', 'neta', 'carlos', 'marighella', 'anaprestes', 'neta', 'luiz', 'carlos', 'prestes', 'comentando', 'notícias', 'comigo', 'jornal', 'fórum', 'duas', 'legítimas', 'representantes', 'nova', 'geração', 'esquerda', '']
1,29655E+18;cynaramenezes;"hoje no jornal da fórum vamos debater a cultura do medo do bolsonarismo ao fazer um dossiê contra servidores, intelectuais e policiais antifascistas com @maria_fro, @mariamarighella (sim, neta do marighella!) e @proffernando, delegado antifascista. 18h! 
https://t.co/MadyY1CSsr";['hoje', 'jornal', 'fórum', 'vamos', 'debater', 'cultura', 'medo', 'bolsonarismo', 'fazer', 'dossiê', 'contra', 'servidores', 'intelectuais', 'policiais', 'antifascistas', 'mariafro', 'mariamarighella', 'sim', 'neta', 'marighella', 'proffernando', 'delegado', 'antifascista', '18h', '']
1,29187E+18;cynaramenezes;@viniciusdias76 te devolvo: é marighella, não mariguela;['viniciusdias76', 'devolvo', 'marighella', 'mariguela']
1,29187E+18;cynaramenezes;"nos 78 anos de caetano, ""um comunista"", a música que ele fez para seu conterrâneo carlos marighella.
""os comunistas guardavam sonhos
os comunistas! os comunistas!""
https://t.co/Vt1Cfwrk1d";['78', 'anos', 'caetano', 'comunista', 'música', 'fez', 'conterrâneo', 'carlos', 'marighella', 'comunistas', 'guardavam', 'sonhos', 'comunistas', 'comunistas', '']
1,28794E+18;cynaramenezes;"outro que atacava o rap e até justificou a prisão do emicida em 2012 em BH foi o atual baluarte da democracia reinaldo azevedo 
https://t.co/nXkTGE4u0x";['outro', 'atacava', 'rap', 'justificou', 'prisão', 'emicida', '2012', 'bh', 'atual', 'baluarte', 'democracia', 'reinaldo', 'azevedo', '']
1,27761E+18;cynaramenezes;o primeiro prefácio a gente não esquece... ainda mais para um gibi sobre o marighella ?? https://t.co/VwSN6KYGdl;['primeiro', 'prefácio', 'gente', 'esquece', 'ainda', 'gibi', 'sobre', 'marighella', '']
1,19287E+18;cynaramenezes;minha amiga bianca barbato e eu com o azulejo do marighella que comprei. não é lindo? ?? https://t.co/wqBR5ivbDs;['amiga', 'bianca', 'barbato', 'azulejo', 'marighella', 'comprei', 'lindo', '']
1,19208E+18;cynaramenezes;reta final da vaquinha para o gibi do marighella! já contribuiu? https://t.co/UMZtejF32l;['reta', 'final', 'vaquinha', 'gibi', 'marighella', 'contribuiu', '']
1,1845E+18;cynaramenezes;vocês já contribuíram para a HQ sobre o marighella? apoie e ganhe uma revista! https://t.co/VwdK615mze;['contribuíram', 'hq', 'sobre', 'marighella', 'apoie', 'ganhe', 'revista', '']
1,17614E+18;cynaramenezes;"falamos sobre a censura ao filme marighella e ao filme sobre chico no uruguai no ""reaça &amp; comuna"" da semana. mario rosa acha que só irá atrair publicidade para ""marighella"". de quê adianta, se as pessoas não poderão ver?
íntegra do programa aqui https://t.co/cVNixz3ca2 https://t.co/bBH89nU9x4";['falamos', 'sobre', 'censura', 'filme', 'marighella', 'filme', 'sobre', 'chico', 'uruguai', 'reaça', 'amp', 'comuna', 'semana', 'mario', 'rosa', 'acha', 'irá', 'atrair', 'publicidade', 'marighella', 'quê', 'adianta', 'pessoas', 'poderão', 'ver', 'íntegra', 'programa', 'aqui', '']
1,16597E+18;cynaramenezes;"getúlio vargas foi importante pelos direitos trabalhistas, mas foi um ditador que perseguiu comunistas tanto quanto os militares.
marighella foi preso e torturado sob getúlio e morto pelos militares.
olga foi presa e deportada para a alemanha nazista.
pagu foi presa e torturada";['getúlio', 'vargas', 'importante', 'direitos', 'trabalhistas', 'ditador', 'perseguiu', 'comunistas', 'tanto', 'quanto', 'militares', 'marighella', 'preso', 'torturado', 'sob', 'getúlio', 'morto', 'militares', 'olga', 'presa', 'deportada', 'alemanha', 'nazista', 'pagu', 'presa', 'torturada']
1,15948E+18;cynaramenezes;com ajuda de ustra, herói de bolsonaro, montou-se a farsa de que guarda-costas de marighella atiraram contra policiais, para justificar a morte de uma policial e um civil. em 1996, um policial que participou da ação confirmou: o guerrilheiro foi executado https://t.co/mc6E6ZgzoS';['ajuda', 'ustra', 'herói', 'bolsonaro', 'montouse', 'farsa', 'guardacostas', 'marighella', 'atiraram', 'contra', 'policiais', 'justificar', 'morte', 'policial', 'civil', '1996', 'policial', 'participou', 'ação', 'confirmou', 'guerrilheiro', 'executado', '']
1,15948E+18;cynaramenezes;"""assim que acabou a ditadura na argentina, eles prenderam os generais. no brasil, não houve isso. hoje qualquer general golpista continua comandando o exército. não dá pra ser tolerante com fascista, golpista e torturador"" https://t.co/mc6E6ZgzoS";['assim', 'acabou', 'ditadura', 'argentina', 'prenderam', 'generais', 'brasil', 'hoje', 'qualquer', 'general', 'golpista', 'continua', 'comandando', 'exército', 'dá', 'pra', 'ser', 'tolerante', 'fascista', 'golpista', 'torturador', '']
1,15948E+18;cynaramenezes;"carlinhos marighella, filho único do guerrilheiro: ""vejo a história se repetir em círculos; vejo o mesmo contexto pré-1964, com perseguição à esquerda e a democracia ameaçada"". por @AndreUzeda  https://t.co/mc6E6ZgzoS";['carlinhos', 'marighella', 'filho', 'único', 'guerrilheiro', 'vejo', 'história', 'repetir', 'círculos', 'vejo', 'contexto', 'pré1964', 'perseguição', 'esquerda', 'democracia', 'ameaçada', 'andreuzeda', '']
1,14645E+18;cynaramenezes;os parlamentares de esquerda devem usar os microfones para elogiar os GUERRILHEIROS HERÓIS que lutaram pela democracia no brasil. homenagear marighella na tribuna. defender a luta armada, os assaltos a banco, tudo que foi feito contra o terrorismo de estado que bolsonaro defende;['parlamentares', 'esquerda', 'devem', 'usar', 'microfones', 'elogiar', 'guerrilheiros', 'heróis', 'lutaram', 'democracia', 'brasil', 'homenagear', 'marighella', 'tribuna', 'defender', 'luta', 'armada', 'assaltos', 'banco', 'tudo', 'feito', 'contra', 'terrorismo', 'estado', 'bolsonaro', 'defende']
1,09916E+18;cynaramenezes;lindo marighella ?? https://t.co/stLeItcLSI;['lindo', 'marighella', '']
1,09691E+18;cynaramenezes;"""libera as armas!"" &gt;&gt;&gt;&gt; ""ain, marighella pegou em armas""";['libera', 'armas', 'gtgtgtgt', 'ain', 'marighella', 'pegou', 'armas']
1,09682E+18;cynaramenezes;"- ain, a esquerda é cheia de mimimi
- e você, o que acha do filme do marighella?
- mimimi mimimi mimimi";['', 'ain', 'esquerda', 'cheia', 'mimimi', 'acha', 'filme', 'marighella', 'mimimi', 'mimimi', 'mimimi']
1,09682E+18;cynaramenezes;"vocês lembram que o atual ~liberal~ reinaldo azevedo afirmou que as ""pessoas de bem"" tinham o ""dever"" de BOICOTAR o filme ""aquarius"" apenas por não concordar com a visão do filme? eu lembro. o que dirá sobre ""marighella"" nesta nova fase?";['lembram', 'atual', 'liberal', 'reinaldo', 'azevedo', 'afirmou', 'pessoas', 'bem', 'dever', 'boicotar', 'filme', 'aquarius', 'apenas', 'concordar', 'visão', 'filme', 'lembro', 'dirá', 'sobre', 'marighella', 'nesta', 'nova', 'fase']
1,09539E+18;cynaramenezes;gente, os reaças vão boicotar o filme do marighella? não! não é possível ?? https://t.co/IzCtsBmEru;['gente', 'reaças', 'vão', 'boicotar', 'filme', 'marighella', 'possível', '']
1,09539E+18;cynaramenezes;vivi para ver: reaça preocupado com escolha do ator para o filme do marighella. parecem desapontados porque seu jorge é mais escuro que o guerrilheiro. será que no fundo são fãs do grande herói do povo marigha? ??;['vivi', 'ver', 'reaça', 'preocupado', 'escolha', 'ator', 'filme', 'marighella', 'parecem', 'desapontados', 'porque', 'jorge', 'escuro', 'guerrilheiro', 'fundo', 'fãs', 'grande', 'herói', 'povo', 'marigha', '']
1,05521E+18;cynaramenezes;@edufreitasbr1 marighella nunca torturou ninguém. pelo contrário, foi torturado diversas vezes desde a juventude apenas por ser comunista. coisa que seu ídolo defende e fará com jovenzinhos como a ditadura que ele também defende fez;['edufreitasbr1', 'marighella', 'nunca', 'torturou', 'ninguém', 'contrário', 'torturado', 'diversas', 'vezes', 'desde', 'juventude', 'apenas', 'ser', 'comunista', 'coisa', 'ídolo', 'defende', 'fará', 'jovenzinhos', 'ditadura', 'defende', 'fez']
1,11818E+18;tatikmd;"em 2017 o MBL promoveu uma caçada ao jornalista Artur Rodrigues, da @folha, classificado como ""extrema-esquerda"" porque tinha uma foto com a biografia de marighella ao fundo. Rodrigues havia feito uma reportagem que desagradou o movimento. +";['2017', 'mbl', 'promoveu', 'caçada', 'jornalista', 'artur', 'rodrigues', 'folha', 'classificado', 'extremaesquerda', 'porque', 'foto', 'biografia', 'marighella', 'fundo', 'rodrigues', 'havia', 'feito', 'reportagem', 'desagradou', 'movimento', '']
1,46656E+18;hilde_angel;"É muito importante levar os fatos da ditadura  aos parlamentares. Alguns sequer os conhecem. Uma obra de denúncia tem que ser mto exibida. Em seu lançamento, o filme ""Zuzu Angel"" foi exibido no Senado. ""Marighella"" será aplaudido de pé, como foi ""Zuzu"". 
https://t.co/IEFR4I119H";['importante', 'levar', 'fatos', 'ditadura', 'parlamentares', 'alguns', 'sequer', 'conhecem', 'obra', 'denúncia', 'ser', 'mto', 'exibida', 'lançamento', 'filme', 'zuzu', 'angel', 'exibido', 'senado', 'marighella', 'aplaudido', 'pé', 'zuzu', '']
1,46431E+18;hilde_angel;"""Crítica"" é palavra antipática, porque pressupõe autoridade para julgar. Mas minha inquietação ao assistir ao filme Marighella, de q gostei mto, foi a mesma da crítica de Karla Monteiro: ""Por que aquele homem empurrou jovens tão jovens para o suicídio?"". 
 https://t.co/Tv0RUOIcNz";['crítica', 'palavra', 'antipática', 'porque', 'pressupõe', 'autoridade', 'julgar', 'inquietação', 'assistir', 'filme', 'marighella', 'q', 'gostei', 'mto', 'mesma', 'crítica', 'karla', 'monteiro', 'homem', 'empurrou', 'jovens', 'tão', 'jovens', 'suicídio', '']
1,45661E+18;hilde_angel;"São 52 anos da morte de Marighella, e o filme de Wagner Moura é um tapa na cara dos fascistas de hoje e de ontem. Marighella foi, além de um revolucionário, um escritor admirado por Sartre.
O diretor Wagner Moura levou às telas um personagem intenso, heroico, num belíssimo filme. https://t.co/uhVQcEqHc7";['52', 'anos', 'morte', 'marighella', 'filme', 'wagner', 'moura', 'tapa', 'cara', 'fascistas', 'hoje', 'ontem', 'marighella', 'além', 'revolucionário', 'escritor', 'admirado', 'sartre', 'diretor', 'wagner', 'moura', 'levou', 'telas', 'personagem', 'intenso', 'heroico', 'belíssimo', 'filme', '']
1,32407E+18;hilde_angel;4 /11 /1969. São 51 anos da morte de Marighela, e sua neta, Maria, reafirma compromisso com a memória do avô: “Marighella foi homem do povo. Eu reivindico sua lembrança. Sua luta por democracia e direitos vigora. Devemos imaginar um Brasil, promotor de liberdade e justiça social”;['4', '11', '1969', '51', 'anos', 'morte', 'marighela', 'neta', 'maria', 'reafirma', 'compromisso', 'memória', 'avô', 'marighella', 'homem', 'povo', 'reivindico', 'lembrança', 'luta', 'democracia', 'direitos', 'vigora', 'devemos', 'imaginar', 'brasil', 'promotor', 'liberdade', 'justiça', 'social', '']
1,12694E+18;hilde_angel;"Desde 1960 a distribuidora @ParisFilmes é prestigiada pelo público de cinema brasileiro. Será um vexame ela decepcioná-lo agora, depois de tamanha expectativa gerada em torno desse filme de  Wagner Moura, ""Marighella"". https://t.co/GKTsaswRps";['desde', '1960', 'distribuidora', 'parisfilmes', 'prestigiada', 'público', 'cinema', 'brasileiro', 'vexame', 'decepcionálo', 'agora', 'tamanha', 'expectativa', 'gerada', 'torno', 'desse', 'filme', 'wagner', 'moura', 'marighella', '']
1,0975E+18;demori;@thiagopsn Ustra era agente do estado. (e não omiti opinião sobre Marighella, releia);['thiagopsn', 'ustra', 'agente', 'estado', 'omiti', 'opinião', 'sobre', 'marighella', 'releia']
1,09748E+18;demori;Defende população armada pra se proteger do estado mas tá falando mal do Marighella. Vocês são estranhos.;['defende', 'população', 'armada', 'pra', 'proteger', 'estado', 'tá', 'falando', 'mal', 'marighella', 'estranhos']
1,45746E+18;emirsader;Gostei muito do filme Marighella. Vale muito a pena ver.;['gostei', 'filme', 'marighella', 'vale', 'pena', 'ver']
1,45745E+18;emirsader;Com Carlinhos Marighella https://t.co/oti43UwaNl;['carlinhos', 'marighella', '']
1,4562E+18;emirsader;'Marighella': Wagner Moura resgata história que o Brasil teimou em esquecer - 04/11/2021 - UOL Splash https://t.co/ibDyNApqFq;['marighella', 'wagner', 'moura', 'resgata', 'história', 'brasil', 'teimou', 'esquecer', '04112021', 'uol', 'splash', '']
1,45437E+18;emirsader;"Wagner Moura puxa coro ""Fora, Bolsonaro"" na pré-estreia de 'Marighella' - Brasil 247 https://t.co/fpN90bSAlU";['wagner', 'moura', 'puxa', 'coro', 'bolsonaro', 'préestreia', 'marighella', 'brasil', '247', '']
1,45204E+18;emirsader;Ao lançar o filme sobre Marighella, Wagner Moura declara o voto em Lula - Brasil 247 https://t.co/ne8kOC0koE;['lançar', 'filme', 'sobre', 'marighella', 'wagner', 'moura', 'declara', 'voto', 'lula', 'brasil', '247', '']
1,43444E+18;emirsader;Maria Marighella: no dia 7 é a bandeira da democracia que precisa ser aberta nas ruas, nas casas e nas redes - Brasil 247 https://t.co/a0k08pGR3T;['maria', 'marighella', 'dia', '7', 'bandeira', 'democracia', 'precisa', 'ser', 'aberta', 'ruas', 'casas', 'redes', 'brasil', '247', '']
1,2327E+18;emirsader;Fê Paes Leme protesta contra Bolsonaro e cita 'Marighella' em look de baile - 26/02/2020 - UOL CarnaUOL https://t.co/FUszhaSIiX;['fê', 'paes', 'leme', 'protesta', 'contra', 'bolsonaro', 'cita', 'marighella', 'look', 'baile', '26022020', 'uol', 'carnauol', '']
1,22984E+18;emirsader;Neta de Marighella será candidata a vereadora pelo PT na Bahia - Brasil 247 https://t.co/xDWXZ1BFtt;['neta', 'marighella', 'candidata', 'vereadora', 'pt', 'bahia', 'brasil', '247', '']
1,11096E+18;emirsader;Imprensa disse sim ao golpe de 64: a análise do biógrafo de Marighella https://t.co/pfs9M02S8K;['imprensa', 'disse', 'sim', 'golpe', '64', 'análise', 'biógrafo', 'marighella', '']
1,1075E+18;emirsader;Morre Fernando Brito, dominicano preso e levado como isca, ao cerco de morte a Marighella | Brasil 247 https://t.co/Qww155rIox;['morre', 'fernando', 'brito', 'dominicano', 'preso', 'levado', 'isca', 'cerco', 'morte', 'marighella', 'brasil', '247', '']
1,09682E+18;emirsader;VÍDEO: “Lula livre” na apresentação de “Marighella” no Festival de Berlim https://t.co/ZGb4F6uXhQ;['vídeo', 'lula', 'livre', 'apresentação', 'marighella', 'festival', 'berlim', '']
1,4555E+18;cecillia;"Wagner Moura falando das pessoas que o ajudaram a construir o personagem e o enredo - e a cor - do filme #Marighella: ""a gente precisava estar impregnado com aquilo [a história]"". https://t.co/VaJ5dxq19t";['wagner', 'moura', 'falando', 'pessoas', 'ajudaram', 'construir', 'personagem', 'enredo', 'cor', 'filme', 'marighella', 'gente', 'precisava', 'estar', 'impregnado', 'história', '']
1,0975E+18;demori;@thiagopsn Ustra era agente do estado. (e não omiti opinião sobre Marighella, releia);['thiagopsn', 'ustra', 'agente', 'estado', 'omiti', 'opinião', 'sobre', 'marighella', 'releia']
1,09748E+18;demori;Defende população armada pra se proteger do estado mas tá falando mal do Marighella. Vocês são estranhos.;['defende', 'população', 'armada', 'pra', 'proteger', 'estado', 'tá', 'falando', 'mal', 'marighella', 'estranhos']
1,46466E+18;rvianna;a @fehpiana deve estar com a camisa do Vitória (BA), que era o time de Marighella!!! https://t.co/Y7Tf8C9UJt;['fehpiana', 'deve', 'estar', 'camisa', 'vitória', 'ba', 'time', 'marighella', '']
1,46321E+18;rvianna;Flavinho, assisti Marighella e fiquei pensando se vc tinha cedido parte (ínfima) de sua coleção para as locações!!! https://t.co/OrBt2SHwm9;['flavinho', 'assisti', 'marighella', 'fiquei', 'pensando', 'vc', 'cedido', 'parte', 'ínfima', 'coleção', 'locações', '']
1,30643E+18;rvianna;"Marighella em Salvador...
Arraes no Recife.
No Nordeste, as mulheres do PT podem fazer historia. https://t.co/pb1e8CIccR";['marighella', 'salvador', 'arraes', 'recife', 'nordeste', 'mulheres', 'pt', 'podem', 'fazer', 'historia', '']
1,05959E+18;rvianna;"O motorista de Marighella terminará seus dias escoltando o Itamaraty para o abismo da humilhação - sob patrocínio do capitão fascista.
https://t.co/IxOO5nzWQD";['motorista', 'marighella', 'terminará', 'dias', 'escoltando', 'itamaraty', 'abismo', 'humilhação', 'sob', 'patrocínio', 'capitão', 'fascista', '']
1,00585E+18;rvianna;"Depois de trair a memória de Marighella, trabalhando num governo que faz do Brasil um capacho dos EUA, @Aloysio_Nunes desperdiça dinheiro público como se fosse um Sheik árabe.
Vergonhoso.
 https://t.co/bXklIGGbmj";['trair', 'memória', 'marighella', 'trabalhando', 'governo', 'faz', 'brasil', 'capacho', 'eua', 'aloysionunes', 'desperdiça', 'dinheiro', 'público', 'sheik', 'árabe', 'vergonhoso', '']
1,00258E+18;rvianna;"""Brasil é dominado por governo de traidores. Na presidência, um homem que traiu a companheira de chapa e o povo. No Itamaraty, um traidor da memória de Marighella – ministro que reduz o Brasil à posição de capacho.""
Blogprog tb exigia demissão de Parente
https://t.co/7micP9rhYE https://t.co/InJdh58pFT";['brasil', 'dominado', 'governo', 'traidores', 'presidência', 'homem', 'traiu', 'companheira', 'chapa', 'povo', 'itamaraty', 'traidor', 'memória', 'marighella', 'ministro', 'reduz', 'brasil', 'posição', 'capacho', 'blogprog', 'tb', 'exigia', 'demissão', 'parente', '']
1,09783E+18;amandafaudi;"O que rola em grupos de bolsonaristas hoje:
- muita zoeira com Marighella negro
- fritura de Felipe Moura Brasil
- projeto pra filmar prova prática de auto-escola (!)
- silêncio sobre Bebianno (só vi 01 comentário reclamando que a mídia “pega no pé mesmo depois de ser demitido”)";['rola', 'grupos', 'bolsonaristas', 'hoje', 'muita', 'zoeira', 'marighella', 'negro', 'fritura', 'felipe', 'moura', 'brasil', 'projeto', 'pra', 'filmar', 'prova', 'prática', 'autoescola', 'silêncio', 'sobre', 'bebianno', 'vi', '01', 'comentário', 'reclamando', 'mídia', 'pega', 'pé', 'ser', 'demitido', '']
1,30197E+18;brumelianebrum;"Neste 7 de Setembro, lute pela responsabilização dos criminosos de Estado!
Assista no Manifão da Democracia a um trecho inédito de MARIGHELLA, filme de Wagner Moura 

https://t.co/tU7r3Hu7fN  das 18h às 21h 

#liberteofuturo #liberaelfuturo #freethefuture https://t.co/md3LfX22Ho";['neste', '7', 'setembro', 'lute', 'responsabilização', 'criminosos', 'estado', 'assista', 'manifão', 'democracia', 'trecho', 'inédito', 'marighella', 'filme', 'wagner', 'moura', '']
1,46878E+18;npto;"Vi ""Marighella"". Puta filme, muito bonito, elenco inteiro fora de série. Algumas coisas devem gerar controvérsia, mas é inevitável. Acho que fundiram alguns personagens históricos (os freis), sem prejuízo de nada. Grande trabalho do Wagner Moura, grande livro do @mariomagalhaes_";['vi', 'marighella', 'puta', 'filme', 'bonito', 'elenco', 'inteiro', 'série', 'algumas', 'coisas', 'devem', 'gerar', 'controvérsia', 'inevitável', 'acho', 'fundiram', 'alguns', 'personagens', 'históricos', 'freis', 'prejuízo', 'nada', 'grande', 'trabalho', 'wagner', 'moura', 'grande', 'livro', 'mariomagalhaes']
1,52158E+18;mariomagalhaes_;Carlos Marighella se elegeu, em 1945, membro da Assembleia Constituinte e deputado federal. Elegeu-se com o voto popular. Em 2022, para exercer o direito do voto, conquista da luta de muitas gerações, é preciso ter/tirar o título de eleitor. O prazo termina amanhã. Bora tirar?! https://t.co/ZqqEZSSJtD;['carlos', 'marighella', 'elegeu', '1945', 'membro', 'assembleia', 'constituinte', 'deputado', 'federal', 'elegeuse', 'voto', 'popular', '2022', 'exercer', 'direito', 'voto', 'conquista', 'luta', 'muitas', 'gerações', 'preciso', 'tertirar', 'título', 'eleitor', 'prazo', 'termina', 'amanhã', 'bora', 'tirar', '']
1,52074E+18;mariomagalhaes_;"@imatheuscosta Valeu, Matheus. Tomara que o teu pai goste da biografia ""Marighella"". Qualquer coisa, ""a gente pedimos desculpa"". Abração!";['imatheuscosta', 'valeu', 'matheus', 'tomara', 'pai', 'goste', 'biografia', 'marighella', 'qualquer', 'coisa', 'gente', 'pedimos', 'desculpa', 'abração']
1,51863E+18;mariomagalhaes_;"Leitura para tempos tormentosos: o Kindle da biografia ""Marighella"" (@cialetras) está em oferta. Aqui:
 https://t.co/wJTwyu6Mid https://t.co/XOy3QX4rSE";['leitura', 'tempos', 'tormentosos', 'kindle', 'biografia', 'marighella', 'cialetras', 'oferta', 'aqui', '']
1,50311E+18;mariomagalhaes_;"O melhor lugar para conhecer, encontrar e comprar livros impressos são as livrarias. Para quem gosta de e-book, boa notícia: está de volta a oferta do meu livro ""Marighella: O guerrilheiro que incendiou o mundo"" (@cialetras) Aqui:

https://t.co/wJTwyu6Mid";['melhor', 'lugar', 'conhecer', 'encontrar', 'comprar', 'livros', 'impressos', 'livrarias', 'gosta', 'ebook', 'boa', 'notícia', 'volta', 'oferta', 'livro', 'marighella', 'guerrilheiro', 'incendiou', 'mundo', 'cialetras', 'aqui', '']
1,4803E+18;mariomagalhaes_;"A versão impressa de ""Marighella"" está nas livrarias. O ebook, em oferta, pode ser encontrado aqui:

https://t.co/ouJcYhmQMi";['versão', 'impressa', 'marighella', 'livrarias', 'ebook', 'oferta', 'pode', 'ser', 'encontrado', 'aqui', '']
1,4803E+18;mariomagalhaes_;"A biografia ""Marighella"" ocupa neste instante o #1 e o #4 lugares na lista dos livros mais vendidos da Amazon, na categoria Biografias Políticas. O livro do ex-ministro Sergio Moro alcança as posições #5 e #6. O ano promete...

(segue) https://t.co/pzvMfFPhO4";['biografia', 'marighella', 'ocupa', 'neste', 'instante', '1', '4', 'lugares', 'lista', 'livros', 'vendidos', 'amazon', 'categoria', 'biografias', 'políticas', 'livro', 'exministro', 'sergio', 'moro', 'alcança', 'posições', '5', '6', 'ano', 'promete', 'segue', '']
1,48018E+18;mariomagalhaes_;"Boa nova, para quem quer conhecer mais a vida de Carlos Marighella: está em oferta o ebook da biografia ""Marighella"" (@cialetras), livro no qual trabalhei durante 9 anos e que inspirou/baseou o lindo filme dirigido pelo Wagner Moura. Aqui:

https://t.co/ouJcYhmQMi https://t.co/W1cSB1aE9P";['boa', 'nova', 'quer', 'conhecer', 'vida', 'carlos', 'marighella', 'oferta', 'ebook', 'biografia', 'marighella', 'cialetras', 'livro', 'trabalhei', 'durante', '9', 'anos', 'inspiroubaseou', 'lindo', 'filme', 'dirigido', 'wagner', 'moura', 'aqui', '']
1,47239E+18;mariomagalhaes_;Epígrafe da biografia #Marighella (@cialetras). https://t.co/Ixq8h6L8z4;['epígrafe', 'biografia', 'marighella', 'cialetras', '']
1,47195E+18;mariomagalhaes_;"Carlos Marighella e o Natal: um trecho da biografia ""Marighella"" (@cialetras). Aqui:

https://t.co/SX8CwXzVDF https://t.co/Ap3SEw498H";['carlos', 'marighella', 'natal', 'trecho', 'biografia', 'marighella', 'cialetras', 'aqui', '']
1,47155E+18;mariomagalhaes_;"Na @LivdaVinci tem biografia ""Marighella"" (@cialetras). Acabo de autografar todos os exemplares do estoque. https://t.co/fKEkF9A4Yx";['livdavinci', 'biografia', 'marighella', 'cialetras', 'acabo', 'autografar', 'todos', 'exemplares', 'estoque', '']
1,47086E+18;mariomagalhaes_;"Nota de hoje na coluna da @PatriciaKogut

Carlos Marighella: a memória venceu o esquecimento.

#Marighella 
#BiografiaMarighella 
#Marighella_ofilme 
#LeiaOLivroVejaOFilme 
#VejaOFilmeLeiaOLivro https://t.co/K3pekk5WQ8";['nota', 'hoje', 'coluna', 'patriciakogut', 'carlos', 'marighella', 'memória', 'venceu', 'esquecimento', 'marighella', 'biografiamarighella', 'marighellaofilme', 'leiaolivrovejaofilme', 'vejaofilmeleiaolivro', '']
1,46947E+18;mariomagalhaes_;"Gonzaguinha, o menino do morro de São Carlos, vive na voz do @emicida. Lindo, lindo, lindo. Quem viu ""Marighella"" sabe que esta canção embala o filme do Wagner Moura, estrelado pelo @seujorge. https://t.co/JDTfu59tpe";['gonzaguinha', 'menino', 'morro', 'carlos', 'vive', 'voz', 'emicida', 'lindo', 'lindo', 'lindo', 'viu', 'marighella', 'sabe', 'canção', 'embala', 'filme', 'wagner', 'moura', 'estrelado', 'seujorge', '']
1,46941E+18;mariomagalhaes_;"Alô, Rio: neste sábado rolará a última rodada de autógrafos da biografia ""Marighella"" em 2021. Das 11h às 13h, participarei do Lavradio Literário (praça Emilinha Borba - Rua do Lavradio). Haverá livros à venda no local. Lembrando: o filme ""Marighella"" continua no @globoplay! https://t.co/bpexgpftKA";['alô', 'rio', 'neste', 'sábado', 'rolará', 'última', 'rodada', 'autógrafos', 'biografia', 'marighella', '2021', '11h', '13h', 'participarei', 'lavradio', 'literário', 'praça', 'emilinha', 'borba', 'rua', 'lavradio', 'haverá', 'livros', 'venda', 'local', 'lembrando', 'filme', 'marighella', 'continua', 'globoplay', '']
1,4682E+18;mariomagalhaes_;"Saiu a 11a reimpressão da biografia ""Marighella"" (@cialetras). Não faltarão exemplares, nas livrarias, para o Natal. Tim-tim. https://t.co/j5pVWR9hrS";['saiu', '11a', 'reimpressão', 'biografia', 'marighella', 'cialetras', 'faltarão', 'exemplares', 'livrarias', 'natal', 'timtim', '']
1,4679E+18;mariomagalhaes_;"Ao ler alguns comentários hidrófobos sobre o elogio do colega @ericfaria74 ao filme ""Marighella"", tive certeza de que estava certo ao diagnosticar, no meu livro ""Sobre lutas e lágrimas"": o pior robô é o existencial. https://t.co/uduIeele9V";['ler', 'alguns', 'comentários', 'hidrófobos', 'sobre', 'elogio', 'colega', 'ericfaria74', 'filme', 'marighella', 'certeza', 'certo', 'diagnosticar', 'livro', 'sobre', 'lutas', 'lágrimas', 'pior', 'robô', 'existencial', '']
1,46714E+18;mariomagalhaes_;"É com muita felicidade que compartilho a boa nova: já está no @globoplay o lindo filme ""Marighella"", dirigido pelo Wagner Moura e inspirado/baseado na biografia que eu escrevi (@cialetras). Acabo de rever uma das cenas mais emocionantes. Tim-tim.

#VejaOFilmeLeiaOLivro https://t.co/vb6iT5I6TR";['muita', 'felicidade', 'compartilho', 'boa', 'nova', 'globoplay', 'lindo', 'filme', 'marighella', 'dirigido', 'wagner', 'moura', 'inspiradobaseado', 'biografia', 'escrevi', 'cialetras', 'acabo', 'rever', 'cenas', 'emocionantes', 'timtim', 'vejaofilmeleiaolivro', '']
1,46568E+18;mariomagalhaes_;"Estreia sábado no @globoplay: ""Marighella"", o lindo filme do Wagner Moura. Quem apostou no esquecimento de Carlos Marighella perdeu. Tim-tim. https://t.co/bJATOCqCtd";['estreia', 'sábado', 'globoplay', 'marighella', 'lindo', 'filme', 'wagner', 'moura', 'apostou', 'esquecimento', 'carlos', 'marighella', 'perdeu', 'timtim', '']
1,46531E+18;mariomagalhaes_;"Começa amanhã e vai até a sexta-feira o meu curso de biografia, na plataforma @BoraSaber2020. As inscrições ainda estão abertas. 4 aulas, a partir das 20h, via Zoom. Para informações detalhadas sobre o conteúdo das aulas + inscrições:

https://t.co/nS8FK25q4c

Até amanhã! https://t.co/1RyZd7s1xz";['começa', 'amanhã', 'vai', 'sextafeira', 'curso', 'biografia', 'plataforma', 'borasaber2020', 'inscrições', 'ainda', 'abertas', '4', 'aulas', 'partir', '20h', 'via', 'zoom', 'informações', 'detalhadas', 'sobre', 'conteúdo', 'aulas', 'inscrições', '']
1,46503E+18;mariomagalhaes_;"300 mil. Tim-tim.

#Marighella 
#BiografiaMarighella 
#Marighella_ofilme 
#LeiaOLivroVejaOFilme 
#VejaOFilmeLeiaOLivro https://t.co/NtoR6DPCnp";['300', 'mil', 'timtim', 'marighella', 'biografiamarighella', 'marighellaofilme', 'leiaolivrovejaofilme', 'vejaofilmeleiaolivro', '']
1,46465E+18;mariomagalhaes_;@edugoldenberg @fehpiana Marighella, que no Rio era Flamengo. Boa sorte pra nós!!!!!!!!!;['edugoldenberg', 'fehpiana', 'marighella', 'rio', 'flamengo', 'boa', 'sorte', 'pra']
1,46431E+18;mariomagalhaes_;9 anos após o lançamento, a biografia Marighella reaparece na lista estendida de livros mais vendidos da revista Veja, na categoria de não ficção. Muito obrigado a quem leu, gostando ou não do livro, amando ou odiando Carlos Marighella. Desta vez, a memória venceu o esquecimento. https://t.co/RGTwZG6bGV;['9', 'anos', 'após', 'lançamento', 'biografia', 'marighella', 'reaparece', 'lista', 'estendida', 'livros', 'vendidos', 'revista', 'veja', 'categoria', 'ficção', 'obrigado', 'leu', 'gostando', 'livro', 'amando', 'odiando', 'carlos', 'marighella', 'desta', 'vez', 'memória', 'venceu', 'esquecimento', '']
1,46398E+18;mariomagalhaes_;"Vai da terça à sexta da semana que vem a nova edição do meu curso de biografia, no @BoraSaber2020. 4 aulas, às 20h, via Zoom. Info sobre conteúdo das aulas + inscrições:

https://t.co/nS8FK25q4c

* A cena é da novela ""Império"", do Aguinaldo Silva. Paulo Betti vive Téo Pereira. https://t.co/5LzMfgN1ba";['vai', 'terça', 'sexta', 'semana', 'vem', 'nova', 'edição', 'curso', 'biografia', 'borasaber2020', '4', 'aulas', '20h', 'via', 'zoom', 'info', 'sobre', 'conteúdo', 'aulas', 'inscrições', '']
1,46382E+18;mariomagalhaes_;"Falta um mês para o Natal.

#Marighella https://t.co/0Cxt6uarVc";['falta', 'mês', 'natal', 'marighella', '']
1,46328E+18;mariomagalhaes_;"O filme ""Marighella"" foi exibido em 6/11 no assentamento Jacy Rocha, na Bahia. Wagner Moura e muita gente boa participaram do evento do @MST_Oficial. Ao final, nas cenas pós-créditos, os presentes cantaram o Hino Nacional, como se vê neste trecho do doc no ar na @redeTVT. https://t.co/yjmCLPBbcd";['filme', 'marighella', 'exibido', '611', 'assentamento', 'jacy', 'rocha', 'bahia', 'wagner', 'moura', 'muita', 'gente', 'boa', 'participaram', 'evento', 'mstoficial', 'final', 'cenas', 'póscréditos', 'presentes', 'cantaram', 'hino', 'nacional', 'vê', 'neste', 'trecho', 'doc', 'ar', 'redetvt', '']
1,46313E+18;mariomagalhaes_;"Falo um pouco, neste vídeo, sobre o meu curso de biografia na plataforma @BoraSaber2020. 4 aulas, de terça a sexta-feira da semana que vem, às 20h, via Zoom. Inscrições abertas. O conteúdo detalhado de cada aula e demais informações estão aqui:

https://t.co/nS8FK25q4c https://t.co/FLi1VoKTtL";['falo', 'pouco', 'neste', 'vídeo', 'sobre', 'curso', 'biografia', 'plataforma', 'borasaber2020', '4', 'aulas', 'terça', 'sextafeira', 'semana', 'vem', '20h', 'via', 'zoom', 'inscrições', 'abertas', 'conteúdo', 'detalhado', 'cada', 'aula', 'demais', 'informações', 'aqui', '']
1,46287E+18;mariomagalhaes_;"Hoje faz 96 anos que nasceu a guerrilheira Zilda Xavier Pereira, do comando da ALN. Ela morreu há 6 anos, no dia em que completava 9 décadas de vida. Zilda é um dos protagonistas da biografia ""Marighella"". Na sua partida, eu me despedi com esta elegia:

https://t.co/ne2cgm7etZ https://t.co/R57WRQ57sx";['hoje', 'faz', '96', 'anos', 'nasceu', 'guerrilheira', 'zilda', 'xavier', 'pereira', 'comando', 'aln', 'morreu', '6', 'anos', 'dia', 'completava', '9', 'décadas', 'vida', 'zilda', 'protagonistas', 'biografia', 'marighella', 'partida', 'despedi', 'elegia', '']
1,46211E+18;mariomagalhaes_;"Generosamente, Humberto Carrão, Adriana Esteves e Adanilo falaram da biografia ""Marighella"" (@cialetras). Humberto, Adriana e Adanilo brilham no lindo filme ""Marighella"", dirigido pelo Wagner Moura e inspirado/baseado no meu livro. Muito obrigado, pessoal!

#Marighella_ofilme https://t.co/9ninzs3TpW";['generosamente', 'humberto', 'carrão', 'adriana', 'esteves', 'adanilo', 'falaram', 'biografia', 'marighella', 'cialetras', 'humberto', 'adriana', 'adanilo', 'brilham', 'lindo', 'filme', 'marighella', 'dirigido', 'wagner', 'moura', 'inspiradobaseado', 'livro', 'obrigado', 'pessoal', 'marighellaofilme', '']
1,46204E+18;mariomagalhaes_;"No Dia da Consciência Negra, ""Canto para atabaque"", do poeta Carlos Marighella, via @geledes:

https://t.co/eYvhsdDKsV https://t.co/QxwcrESPaw";['dia', 'consciência', 'negra', 'canto', 'atabaque', 'poeta', 'carlos', 'marighella', 'via', 'geledes', '']
1,46172E+18;mariomagalhaes_;2. Com valentia assombrosa, dona Sarita dedicou a vida a lutas generosas e a ajudar quem precisava. Esteve ao lado da irmã e do cunhado, Carlos Marighella, desde os tempos da legalidade do PCB, nos anos 1940.;['2', 'valentia', 'assombrosa', 'dona', 'sarita', 'dedicou', 'vida', 'lutas', 'generosas', 'ajudar', 'precisava', 'lado', 'irmã', 'cunhado', 'carlos', 'marighella', 'desde', 'tempos', 'legalidade', 'pcb', 'anos', '1940']
1,46168E+18;mariomagalhaes_;"Começa daqui a 11 dias o meu curso de biografia, no @BoraSaber2020. 4 aulas, de 30/11 a 3/12, às 20h, via Zoom. O curso se destina a quem quer aprender a escrever biografias e a quem pretende exclusivamente saber como elas são feitas. +info e inscrições:

https://t.co/nS8FK25q4c https://t.co/KyhMRZeM4f";['começa', 'daqui', '11', 'dias', 'curso', 'biografia', 'borasaber2020', '4', 'aulas', '3011', '312', '20h', 'via', 'zoom', 'curso', 'destina', 'quer', 'aprender', 'escrever', 'biografias', 'pretende', 'exclusivamente', 'saber', 'feitas', 'info', 'inscrições', '']
1,46144E+18;mariomagalhaes_;"O comentário reproduzido abaixo se refere à biografia ""Marighella"". Esses saudosistas das fogueiras de livros da Alemanha da década de 1930 não dão sossego. Vivemos, de fato, tempos tormentosos. https://t.co/ie0ra88BBj";['comentário', 'reproduzido', 'abaixo', 'refere', 'biografia', 'marighella', 'saudosistas', 'fogueiras', 'livros', 'alemanha', 'década', '1930', 'dão', 'sossego', 'vivemos', 'fato', 'tempos', 'tormentosos', '']
